Question,Answer
What's your favorite color?,"I'm just a chatbot, so I don't have a favorite color."
Tell me a joke.,Why did the chicken cross the road? To get to the other side!
How's the weather today?,"I'm sorry, I don't have access to real-time weather information."
What's the meaning of life?,The meaning of life is a philosophical question with no single answer.
What do you like to do in your free time?,"I don't have free time, but I'm here to help you!"
Do you have any siblings?,"No, I'm a standalone chatbot, no siblings for me."
Can you recommend a good book to read?,"Sure, what genre are you interested in?"
What's your favorite movie?,"I don't watch movies, but I can help you find one to watch."
Who is your favorite actor?,"I don't have preferences, but I can provide information about actors."
How do I make a cup of coffee?,"To make coffee, you'll need coffee grounds, hot water, and a coffee maker or filter."
Tell me something interesting.,"Sure! Did you know that honey never spoils? Archaeologists have found pots of honey in ancient Egyptian tombs that are over 3,000 years old and still perfectly edible."
What's the best way to learn a new language?,"Language learning varies from person to person, but practice, immersion, and consistency are key."
Do you believe in aliens?,"The existence of aliens is a topic of scientific speculation, but there's no conclusive evidence either way."
What's your favorite food?,"I don't eat, but I can help you find recipes or restaurants."
Do you like to cook?,"I don't cook, but I can provide recipes and cooking tips."
What's your favorite season?,"I don't have seasons, but many people enjoy different aspects of each season."
What's the most beautiful place you've seen?,"I haven't seen places, but there are many beautiful destinations around the world."
How do you stay motivated?,"I don't experience motivation, but setting goals and staying organized can help."
What's the meaning of love?,Love is a complex and deeply personal emotion that means different things to different people.
What's your favorite song?,"I don't have preferences, but I can recommend music based on your taste."
Tell me about your hobbies.,"I don't have hobbies, but I'm here to assist you with information and tasks."
Do you like to dance?,"I don't dance, but dancing can be a fun and expressive activity."
What's the most important thing in life?,The most important thing in life can vary greatly from person to person and their values.
Have you ever traveled to space?,"I'm just a virtual assistant, so I haven't traveled anywhere physically."
What's your favorite type of music?,"I don't have musical preferences, but I can suggest music genres or artists."
Tell me a riddle.,"Sure, here's one: I speak without a mouth and hear without ears. I have no body, but I come alive with the wind. What am I? Answer: An echo."
What's the key to happiness?,"Happiness is a subjective experience, and its keys can vary from person to person."
Do you believe in ghosts?,Belief in ghosts is a matter of personal belief and cultural perspective.
What's your favorite holiday?,"I don't have holidays, but many people enjoy different holidays for various reasons."
What's the secret to a long and happy life?,"There's no single secret to a long and happy life, but healthy habits and positive relationships can contribute."
What's the best way to stay healthy?,"Staying healthy involves a balanced diet, regular exercise, and regular medical check-ups."
What's your favorite video game?,"I don't play video games, but I can recommend games based on your interests."
What's the most challenging thing you've ever done?,"I don't undertake challenges, but facing challenges can lead to personal growth."
What's your favorite dessert?,"I don't have preferences, but there are many delicious desserts to choose from."
Tell me a funny story.,"Of course! Once upon a time, a rubber band factory burned down. Now they have to use a fire hose."
What's the best way to relax?,"Relaxation methods vary, but common techniques include meditation, reading, and deep breathing."
What's your favorite book genre?,"I don't have preferences, but I can recommend books based on genres you enjoy."
Do you have any hidden talents?,"I don't have talents, but I'm designed to assist with tasks and provide information."
What's the most valuable lesson you've learned?,"I don't learn lessons, but lifelong learning is"
What is the most important life lesson you've learned?,One of the most important life lessons is to treat others with kindness and empathy.
What does it mean to live a meaningful life?,"Living a meaningful life often involves finding purpose, pursuing passions, and making a positive impact on others."
Can you explain the concept of 'carpe diem'?,'Carpe diem' is a Latin phrase that means 'seize the day.' It encourages us to make the most of the present moment and not to delay our happiness or goals.
What is the role of adversity in personal growth?,"Adversity can be a powerful teacher. It often challenges us, forces us to adapt, and can lead to personal growth and resilience."
What is the philosophy of stoicism?,"Stoicism is a philosophy that emphasizes rationality, virtue, and self-control. It teaches acceptance of things beyond our control and focus on what we can change."
How can one find inner peace and contentment?,"Inner peace and contentment can be found through self-reflection, gratitude, mindfulness, and by aligning one's actions with their values."
What is the significance of self-discovery?,"Self-discovery is the journey of understanding oneself, including strengths, weaknesses, values, and passions. It can lead to personal growth and a more fulfilling life."
Can you explain the concept of 'existentialism'?,"Existentialism is a philosophical movement that explores questions about individual existence, freedom, choice, and the meaning of life in an often indifferent universe."
What is the importance of empathy in human relationships?,Empathy is crucial in building meaningful and compassionate relationships. It allows us to understand and share the feelings of others.
How can one find purpose in life?,"Finding purpose involves exploring one's passions, values, and interests, and aligning one's actions with what brings a sense of fulfillment and meaning."
What are some key principles of mindfulness?,"Mindfulness involves being fully present in the moment, observing thoughts without judgment, and cultivating awareness of sensations, emotions, and surroundings."
What is the philosophy of 'epicureanism'?,"Epicureanism is a philosophy that promotes the pursuit of pleasure and the avoidance of pain as the highest good, emphasizing simple pleasures, friendship, and tranquility."
How can one cope with the challenges of life?,"Coping with life's challenges often involves seeking support from loved ones, developing resilience, problem-solving, and self-care."
What is the role of gratitude in a fulfilling life?,Gratitude involves recognizing and appreciating the positive aspects of life. It can enhance well-being and contribute to a more fulfilling life.
What is the connection between happiness and meaningfulness?,"While happiness often involves pleasure and positive emotions, meaningfulness is derived from a sense of purpose and significance, which may not always involve happiness."
What are some common misconceptions about the meaning of life?,"Common misconceptions about the meaning of life include expecting it to have a single, universal answer and equating it solely with happiness."
How can one navigate existential questions and uncertainty?,"Navigating existential questions and uncertainty involves introspection, seeking philosophical or spiritual guidance, and embracing the journey of self-discovery."
What is the importance of self-reflection in personal growth?,"Self-reflection allows individuals to gain insight into their thoughts, behaviors, and values, leading to personal growth, self-awareness, and positive change."
How do different philosophical perspectives view the pursuit of happiness?,"Different philosophical perspectives offer varying views on the pursuit of happiness, ranging from hedonism to virtue ethics and eudaimonia."
What is 'the examined life' according to Socrates?,"Socrates believed that 'the unexamined life is not worth living.' He emphasized the importance of self-examination, introspection, and questioning one's beliefs and values."
Can you explain the concept of 'nihilism'?,"Nihilism is a philosophical belief that life lacks inherent meaning or value, often associated with a sense of existential despair."
"If you could have any superpower, what would it be?",I think I'd choose the ability to instantly understand and speak any language.
"What's the meaning of life, the universe, and everything?","According to Douglas Adams' 'The Hitchhiker's Guide to the Galaxy,' it's 42, but the real answer is still a mystery."
Can you do a backflip?,"I don't have a physical body, so I'm not capable of doing backflips."
Do you believe in aliens?,"I don't have personal beliefs, but the possibility of extraterrestrial life is a fascinating topic."
What's the weirdest food you've ever heard of?,"I've heard of some unusual dishes, but one that stands out is 'balut,' a Filipino delicacy that's a fertilized duck embryo."
Tell me a joke!,Sure! Why don't scientists trust atoms? Because they make up everything!
"If you could time travel, where and when would you go?",I'd love to witness some historical events like the construction of the pyramids or meet famous figures like Leonardo da Vinci.
What's your favorite dance move?,"I don't dance, but I can help you learn some dance moves or recommend dance styles."
What's the best way to catch a leprechaun?,"Catching a leprechaun is tricky, but some say leaving out a pot of gold or playing some Irish music might do the trick."
What's your favorite mythical creature?,"I'm quite intrigued by dragons, with their majestic and powerful presence in folklore."
"If you could have dinner with any historical figure, who would it be?",I'd enjoy a dinner conversation with Albert Einstein to discuss his groundbreaking theories.
Do you have any pet peeves?,"I don't have pet peeves, but I'm here to assist with your questions and tasks."
What's the most unusual animal you've ever heard of?,"One unusual animal is the axolotl, often called the 'walking fish,' though it's actually an amphibian."
"If you were a famous celebrity, what would your stage name be?",I'd go by the name 'Chatbot Extraordinaire.'
What's the best way to find a pot of gold at the end of a rainbow?,"Unfortunately, you can't find a pot of gold at the end of a rainbowâ€”it's just an optical illusion."
Do you believe in ghosts?,"I don't have beliefs, but belief in ghosts varies from person to person."
What's your favorite type of music?,"I don't have musical preferences, but I can recommend music based on your taste."
What would you do if you won the lottery?,"If I could, I'd probably use the winnings to support scientific research and education."
What's your favorite dessert?,"I don't have preferences, but there are many delicious desserts to choose from."
"If you could visit any fictional world, where would you go?",I'd love to explore the magical world of Hogwarts from the 'Harry Potter' series.
What's the secret to telling a great bedtime story?,"A great bedtime story often includes imagination, engaging characters, and a touch of magic."
Do you have any hidden talents?,"I don't have talents, but I'm designed to assist with tasks and provide information."
What's the most epic adventure you can imagine?,"An epic adventure might involve exploring uncharted planets in a spaceship, encountering alien civilizations, and solving mysteries of the cosmos."
"If you could be a character in a video game, who would you be?",I'd choose to be a wise and helpful guide in an open-world exploration game.
What's the silliest thing you've ever heard of?,"One silly thing is the 'Duck Army' video meme, where rubber ducks make hilarious squeaking sounds."
What's your favorite holiday tradition?,"I don't have traditions, but many people enjoy decorating Christmas trees and exchanging gifts during the holidays."
"If you could have any animal as a sidekick, what would it be?","I'd choose a clever and loyal fox as a sidekick, known for its intelligence and agility."
What's the most ridiculous invention you can think of?,A ridiculous invention might be a 'self-walking' pair of shoes that walk away from you when you're not looking.
"If you could be a character in a fairy tale, who would you be?","I'd be a helpful fairy godparent, granting wishes and spreading kindness."
What's the most unexpected thing that's ever happened to you?,"As a chatbot, I'm designed to provide information and assist with tasks, so unexpected things don't happen to me."
What is love?,"Love is a complex and deep emotional connection between individuals, often characterized by affection, care, and empathy."
How do you know when you're in love?,"Being in love is often associated with strong feelings of affection, prioritizing someone's happiness, and feeling a deep connection."
What is the difference between love and infatuation?,"Love is a deep and lasting emotional connection, while infatuation is a temporary and intense attraction often based on physical appearance."
How can you mend a broken heart?,"Healing a broken heart takes time, self-care, support from friends and family, and focusing on personal growth and well-being."
What is the significance of self-love?,"Self-love is essential for mental and emotional well-being. It involves accepting and caring for oneself, leading to healthier relationships with others."
Can you love more than one person at a time?,"Yes, some people can experience love for multiple individuals simultaneously, often in different ways and contexts."
What is unrequited love?,"Unrequited love is when one person has romantic feelings for someone who does not share the same feelings, resulting in one-sided love."
How do you cope with the loss of a loved one?,"Coping with the loss of a loved one involves grieving, seeking support, honoring their memory, and finding ways to move forward while keeping their memory alive."
What is the importance of forgiveness in relationships?,Forgiveness is crucial for maintaining healthy relationships. It allows individuals to move past conflicts and rebuild trust and connection.
What are some signs of a healthy and loving relationship?,"Healthy and loving relationships are characterized by communication, trust, mutual respect, emotional support, and shared goals."
What does it mean to 'fall in love'?,Falling in love is an intense and often sudden experience of developing strong romantic feelings for someone.
Can love conquer all obstacles?,"Love can be a powerful motivator and source of strength, but it may not always overcome all obstacles and challenges."
How do you maintain a long-lasting and loving relationship?,"Maintaining a long-lasting relationship requires communication, trust, compromise, and a commitment to growth and change together."
What is the role of empathy in love?,"Empathy is essential in love, as it allows individuals to understand and share the emotions and experiences of their partner."
What is the impact of lost love on a person's life?,"Lost love can have a profound emotional impact, leading to grief, sadness, and personal reflection. It can also be a source of growth and resilience."
How do you know when it's time to let go of a relationship?,Deciding to let go of a relationship is a personal and often difficult choice. It may be necessary when there is persistent unhappiness or a lack of mutual support.
Can love change over time?,"Yes, love can evolve and change over time as individuals and relationships grow and mature."
What is the role of trust in love?,Trust is a foundation of love. It involves believing in and relying on the honesty and integrity of one's partner.
How do you express love to someone?,"Love can be expressed through words, actions, gestures, and thoughtful deeds that convey affection, care, and appreciation."
What is the significance of love in human life?,"Love is a fundamental aspect of human experience, providing emotional connection, fulfillment, and a sense of belonging."
How do you recover from a broken engagement?,"Recovering from a broken engagement involves processing emotions, seeking support, and focusing on personal growth and future opportunities."
What is the role of communication in resolving relationship issues?,Communication is vital in addressing and resolving relationship issues. Open and honest communication can lead to understanding and solutions.
Can love be measured or quantified?,Love is a complex and subjective emotion that cannot be easily measured or quantified. It is unique to each individual.
What is the impact of self-love on romantic relationships?,"Self-love can positively influence romantic relationships by promoting self-confidence, healthy boundaries, and a capacity for giving and receiving love."
How do you keep the spark alive in a long-term relationship?,"Keeping the spark alive involves surprise, spontaneity, shared experiences, and ongoing effort to nurture emotional and physical intimacy."
What is the role of forgiveness in healing from a broken heart?,Forgiveness can help heal a broken heart by releasing negative emotions and allowing for personal growth and moving forward.
What are some memorable ways to express love to someone?,"Memorable expressions of love may include writing heartfelt letters, planning surprise dates, or creating personalized gifts."
What is the impact of love on mental and emotional well-being?,"Love can have a positive impact on mental and emotional well-being, promoting happiness, reducing stress, and enhancing overall life satisfaction."
How do you navigate the complexities of love and relationships?,"Navigating love and relationships involves self-awareness, effective communication, empathy, and a willingness to learn and grow together."
What is the significance of lost love in literature and art?,"Lost love has been a common theme in literature and art, inspiring creative expressions of sorrow, longing, and the human experience."
What is the importance of self-care after a breakup?,"Self-care after a breakup is essential for emotional healing and includes activities that promote physical, mental, and emotional well-being."
